"Date","Price","Open","High","Low","Vol.K","Change%"
"Dec 30, 2018","39.50","39.58","39.89","38.91","2.34","0.00"
"Dec 23, 2018","39.50","39.70","39.90","39.30","0.92","-0.25"
"Dec 16, 2018","39.60","37.76","39.90","37.62","7.41","5.66"
"Dec 09, 2018","37.48","37.82","38.25","37.39","3.30","-0.32"
"Dec 02, 2018","37.60","36.96","37.98","36.70","5.76","2.20"
"Nov 25, 2018","36.79","38.00","38.45","36.50","7.40","-3.29"
"Nov 18, 2018","38.04","37.89","39.14","37.55","5.39","3.48"
"Nov 11, 2018","36.76","36.50","36.94","36.33","2.12","0.71"
"Nov 04, 2018","36.50","35.34","36.75","35.02","5.43","3.60"
"Oct 28, 2018","35.23","34.99","35.60","34.20","6.12","0.83"
"Oct 21, 2018","34.94","35.50","35.58","34.69","5.97","-1.52"
"Oct 14, 2018","35.48","36.91","37.44","35.10","7.18","-3.87"
"Oct 07, 2018","36.91","38.68","38.87","36.25","9.76","-4.40"
"Sep 30, 2018","38.61","39.87","40.39","38.44","9.50","-3.04"
"Sep 23, 2018","39.82","40.02","40.50","39.25","8.33","-0.62"
"Sep 16, 2018","40.07","40.65","41.03","39.40","9.85","-1.09"
"Sep 09, 2018","40.51","40.50","40.79","39.82","5.87","-0.07"
"Sep 02, 2018","40.54","40.60","41.05","40.25","4.74","-0.07"
"Aug 26, 2018","40.57","41.90","41.95","40.25","8.28","-3.31"
"Aug 19, 2018","41.96","41.87","42.30","41.40","8.25","0.19"
"Aug 12, 2018","41.88","41.52","41.96","40.80","11.63","0.75"
"Aug 05, 2018","41.57","41.49","42.86","41.30","19.43","0.39"
"Jul 29, 2018","41.41","40.76","41.48","40.27","11.88","1.69"
"Jul 22, 2018","40.72","38.90","40.78","38.76","11.78","4.68"
"Jul 15, 2018","38.90","38.00","39.59","37.99","13.58","5.28"
"Jul 08, 2018","36.95","36.84","37.10","36.45","0.08","-1.07"
"Jul 01, 2018","37.35","36.81","37.11","36.10","0.15","0.95"
"Jun 24, 2018","37.00","37.35","37.35","36.21","0.05","-1.10"
"Jun 17, 2018","37.41","39.10","39.10","36.50","0.16","-3.78"
"Jun 10, 2018","38.88","41.35","42.00","38.20","0.25","-7.56"
"Jun 03, 2018","42.06","43.65","43.65","41.61","0.19","-3.24"
"May 27, 2018","43.47","43.01","43.95","42.85","0.06","-0.14"
"May 20, 2018","43.53","43.50","43.65","42.80","0.29","-0.66"
"May 13, 2018","43.82","41.81","43.64","41.81","2.52","4.53"
"May 06, 2018","41.92","41.01","42.68","41.00","9.12","1.65"
"Apr 29, 2018","41.24","39.75","41.82","39.69","10.80","4.04"
"Apr 22, 2018","39.64","38.19","40.00","37.82","12.76","4.04"
"Apr 15, 2018","38.10","38.93","40.00","37.92","9.22","-2.01"
"Apr 08, 2018","38.88","40.61","40.80","38.42","15.35","-4.33"
"Apr 01, 2018","40.64","37.57","40.78","37.57","19.71","8.14"
"Mar 25, 2018","37.58","37.65","38.85","37.20","8.90","-0.48"
"Mar 18, 2018","37.76","38.40","39.95","37.45","22.62","-1.79"
"Mar 11, 2018","38.45","40.90","43.29","38.29","8.06","-6.01"
"Mar 04, 2018","40.91","40.45","41.09","39.65","13.42","1.01"
"Feb 25, 2018","40.50","36.91","40.58","36.90","19.41","8.58"
"Feb 18, 2018","37.30","34.78","37.56","34.67","19.33","7.65"
"Feb 11, 2018","34.65","33.66","34.68","33.62","4.11","2.61"
"Feb 04, 2018","33.77","33.29","34.30","33.21","9.56","1.53"
"Jan 28, 2018","33.26","32.62","33.45","32.61","6.86","1.87"
"Jan 21, 2018","32.65","32.85","33.33","32.54","5.51","-0.61"
"Jan 14, 2018","32.85","31.76","33.04","31.68","9.35","2.78"
"Jan 07, 2018","31.96","32.76","33.00","31.75","6.56","-2.86"
"Dec 31, 2017","32.90","33.45","33.50","32.56","3.03","-1.50"
"Dec 24, 2017","33.40","32.87","33.64","32.85","1.42","1.00"
"Dec 17, 2017","33.07","33.20","33.59","32.50","5.26","-0.42"
"Dec 10, 2017","33.21","32.45","33.30","32.20","5.72","2.47"
"Dec 03, 2017","32.41","32.20","32.75","32.05","11.24","0.75"
"Nov 26, 2017","32.17","31.56","32.35","31.19","12.22","2.06"
"Nov 19, 2017","31.52","32.43","32.60","31.41","15.93","-2.75"
"Nov 12, 2017","32.41","32.20","32.90","32.15","7.96","1.31"
"Nov 05, 2017","31.99","32.70","32.73","31.39","6.10","-2.14"
"Oct 29, 2017","32.69","31.67","32.72","31.64","7.20","3.29"
"Oct 22, 2017","31.65","31.46","32.32","31.35","7.40","0.89"
"Oct 15, 2017","31.37","32.80","33.09","31.10","11.37","-4.07"
"Oct 08, 2017","32.70","31.67","33.00","31.49","8.64","3.48"
"Oct 01, 2017","31.60","30.65","31.68","30.45","12.96","3.17"
"Sep 24, 2017","30.63","31.36","31.59","30.04","14.27","-2.45"
"Sep 17, 2017","31.40","30.80","32.60","30.44","11.60","9.37"
"Sep 10, 2017","28.71","28.27","28.73","28.00","11.89","1.77"
"Sep 03, 2017","28.21","27.60","28.50","27.43","11.03","2.03"
"Aug 27, 2017","27.65","27.59","28.07","26.96","12.32","0.14"
"Aug 20, 2017","27.61","28.73","29.10","27.40","8.19","-3.56"
"Aug 13, 2017","28.63","27.20","28.83","27.15","14.11","5.49"
"Aug 06, 2017","27.14","26.19","27.30","26.15","14.42","3.75"
"Jul 30, 2017","26.16","25.91","26.47","25.61","11.65","0.15"
"Jul 23, 2017","26.12","26.03","26.27","25.80","8.21","-0.65"
"Jul 16, 2017","26.29","26.37","27.09","26.15","9.37","-1.54"
"Jul 09, 2017","26.70","26.50","27.00","26.20","0.08","5.53"
"Jul 02, 2017","25.30","25.10","26.39","25.10","1.36","-0.98"
"Jun 25, 2017","25.55","26.11","26.11","25.25","0.35","-1.73"
"Jun 18, 2017","26.00","26.40","26.47","26.11","0.26","-1.52"
"Jun 11, 2017","26.40","26.52","26.60","26.20","0.17","-1.68"
"Jun 04, 2017","26.85","26.01","26.85","26.01","0.10","2.44"
"May 28, 2017","26.21","26.82","26.82","26.00","0.81","-4.79"
"May 21, 2017","27.53","27.53","27.53","27.53","-","-2.86"
"May 14, 2017","28.34","28.09","28.10","28.01","0.09","1.40"
"May 07, 2017","27.95","28.20","28.20","27.60","3.06","-0.78"
"Apr 30, 2017","28.17","28.16","28.39","27.85","4.03","0.18"
"Apr 23, 2017","28.12","28.21","28.68","28.00","6.39","0.29"
"Apr 16, 2017","28.04","27.46","28.66","27.41","8.42","3.09"
"Apr 09, 2017","27.20","27.30","27.47","26.60","6.61","0.41"
"Apr 02, 2017","27.09","28.67","28.75","26.90","9.65","-5.05"
"Mar 26, 2017","28.53","27.90","29.20","27.74","12.06","2.48"
"Mar 19, 2017","27.84","30.21","30.22","27.80","11.81","-8.00"
"Mar 12, 2017","30.26","35.13","35.22","30.16","6.94","-13.81"
"Mar 05, 2017","35.11","35.80","35.95","34.75","4.38","-0.99"
"Feb 26, 2017","35.46","34.75","35.68","34.66","4.49","2.63"
"Feb 19, 2017","34.55","34.34","34.79","33.66","7.65","1.23"
"Feb 12, 2017","34.13","35.30","35.46","34.00","10.61","-2.51"
"Feb 05, 2017","35.01","34.30","35.30","33.80","8.71","1.77"
"Jan 29, 2017","34.40","35.06","35.40","33.85","9.68","-2.16"
"Jan 22, 2017","35.16","34.50","36.05","34.39","6.91","1.88"
"Jan 15, 2017","34.51","34.45","36.12","34.28","9.20","0.09"
"Jan 08, 2017","34.48","36.55","36.55","34.16","5.43","-5.53"
"Jan 01, 2017","36.50","37.92","38.39","36.50","5.81","-3.77"
"Dec 25, 2016","37.93","38.08","38.59","37.72","2.21","-0.26"
"Dec 18, 2016","38.03","38.86","39.55","37.85","4.65","-2.06"
"Dec 11, 2016","38.83","38.45","39.48","38.02","6.28","0.86"
"Dec 04, 2016","38.50","38.55","39.20","37.75","7.66","0.31"
"Nov 27, 2016","38.38","37.50","38.95","36.91","7.57","2.10"
"Nov 20, 2016","37.59","37.75","38.15","37.20","5.67","-0.53"
"Nov 13, 2016","37.79","39.25","39.80","37.55","4.24","-3.60"
"Nov 06, 2016","39.20","40.15","40.28","38.85","4.16","-2.37"
"Oct 30, 2016","40.15","40.96","41.78","39.98","5.03","-2.41"
"Oct 23, 2016","41.14","40.20","41.21","38.75","8.89","2.39"
"Oct 16, 2016","40.18","43.25","43.33","40.01","8.81","-7.18"
"Oct 09, 2016","43.29","42.85","43.75","42.30","3.69","0.70"
"Oct 02, 2016","42.99","42.80","44.40","42.72","8.09","0.58"
"Sep 25, 2016","42.74","40.30","43.32","39.90","10.62","6.05"
"Sep 18, 2016","40.30","41.81","42.38","40.00","5.71","-4.09"
"Sep 11, 2016","42.02","41.85","42.70","41.55","3.85","0.72"
"Sep 04, 2016","41.72","43.38","43.89","41.10","4.33","-0.78"
"Aug 28, 2016","42.05","41.50","42.05","39.80","6.24","1.37"
"Aug 21, 2016","41.48","44.01","44.40","40.95","7.13","-5.36"
"Aug 14, 2016","43.83","43.44","45.05","43.21","6.91","0.90"
"Aug 07, 2016","43.44","44.92","46.00","42.91","11.60","-3.49"
"Jul 31, 2016","45.01","47.40","47.99","44.80","12.89","-4.88"
"Jul 24, 2016","47.32","46.80","48.99","46.50","16.41","1.11"
"Jul 17, 2016","46.80","45.75","47.58","45.60","21.52","8.38"
"Jul 10, 2016","43.18","43.00","43.17","41.81","3.53","0.77"
"Jul 03, 2016","42.85","39.45","42.90","39.40","3.74","8.67"
"Jun 26, 2016","39.43","40.80","41.75","38.76","2.84","-3.31"
"Jun 19, 2016","40.78","46.00","46.15","40.31","4.81","-11.25"
"Jun 12, 2016","45.95","46.75","48.00","45.30","4.86","-2.07"
"Jun 05, 2016","46.92","45.15","47.66","45.15","2.36","3.46"
"May 29, 2016","45.35","46.10","46.35","45.05","2.85","-1.73"
"May 22, 2016","46.15","47.88","47.88","44.05","1.69","-3.67"
"May 15, 2016","47.91","51.50","51.80","36.50","2.38","-6.86"
"May 08, 2016","51.44","51.25","51.46","50.50","1.39","0.76"
"May 01, 2016","51.05","49.80","51.27","49.33","2.43","2.51"
"Apr 24, 2016","49.80","48.71","50.14","48.00","2.52","2.17"
"Apr 17, 2016","48.74","47.25","49.46","47.10","3.37","2.83"
"Apr 10, 2016","47.40","46.85","47.79","46.07","5.90","1.72"
"Apr 03, 2016","46.60","45.13","46.84","45.05","7.10","3.26"
"Mar 27, 2016","45.13","46.00","46.59","44.56","8.57","-1.66"
"Mar 20, 2016","45.89","43.17","46.67","43.01","10.54","5.79"
"Mar 13, 2016","43.38","48.40","48.40","43.26","6.01","-10.65"
"Mar 06, 2016","48.55","44.90","48.89","44.80","2.32","7.67"
"Feb 28, 2016","45.09","43.76","45.69","43.55","3.14","3.11"
"Feb 21, 2016","43.73","42.50","43.93","42.00","4.98","3.02"
"Feb 14, 2016","42.45","42.20","42.59","41.60","4.52","1.00"
"Feb 07, 2016","42.03","41.00","42.07","40.11","4.51","2.34"
"Jan 31, 2016","41.07","39.85","41.50","39.61","4.75","3.19"
"Jan 24, 2016","39.80","40.15","40.37","39.53","4.07","-1.00"
"Jan 17, 2016","40.20","41.50","41.60","40.11","4.88","-6.79"
"Jan 10, 2016","43.13","40.01","43.40","40.00","3.76","7.96"
"Jan 03, 2016","39.95","37.14","40.29","37.13","3.91","7.25"
"Dec 27, 2015","37.25","36.95","37.29","36.39","1.14","1.44"
"Dec 20, 2015","36.72","37.10","37.36","36.65","0.79","-0.30"
"Dec 13, 2015","36.83","36.46","37.20","36.25","3.65","1.13"
"Dec 06, 2015","36.42","36.32","36.65","35.02","5.39","0.33"
"Nov 29, 2015","36.30","34.70","36.59","34.67","8.33","4.88"
"Nov 22, 2015","34.61","34.49","35.30","34.45","4.32","0.35"
"Nov 15, 2015","34.49","33.90","35.74","33.90","3.95","1.65"
"Nov 08, 2015","33.93","34.15","34.35","33.70","2.04","-0.79"
"Nov 01, 2015","34.20","34.60","34.70","33.86","2.95","-1.10"
"Oct 25, 2015","34.58","34.15","34.90","34.00","4.97","1.02"
"Oct 18, 2015","34.23","33.65","34.90","33.62","6.17","1.63"
"Oct 11, 2015","33.68","33.52","34.40","33.29","5.54","0.24"
"Oct 04, 2015","33.60","34.86","35.10","33.56","9.34","-3.89"
"Sep 27, 2015","34.96","35.08","36.45","34.95","8.51","-0.74"
"Sep 20, 2015","35.22","35.64","37.00","34.81","11.49","-0.73"
"Sep 13, 2015","35.48","30.15","35.94","30.15","9.98","17.41"
"Sep 06, 2015","30.22","30.30","30.49","29.83","6.73","-0.26"
"Aug 30, 2015","30.30","29.40","30.85","29.10","8.13","3.45"
"Aug 23, 2015","29.29","28.67","29.50","28.15","8.22","1.98"
"Aug 16, 2015","28.72","28.01","28.90","27.60","11.71","2.46"
"Aug 09, 2015","28.03","29.13","29.93","27.35","13.03","-4.14"
"Aug 02, 2015","29.24","26.72","29.60","26.72","14.85","8.98"
"Jul 26, 2015","26.83","27.10","27.35","26.31","16.80","-1.29"
"Jul 19, 2015","27.18","27.52","27.70","26.51","13.78","-1.24"
"Jul 12, 2015","27.52","25.99","28.05","25.99","3.85","2.15"
"Jul 05, 2015","26.94","26.94","26.94","26.94","-","-4.33"
"Jun 28, 2015","28.16","28.16","28.16","28.16","-","5.63"
"Jun 21, 2015","26.66","26.66","26.66","26.66","-","8.15"
"Jun 14, 2015","24.65","24.75","24.75","24.75","0.04","-2.18"
"Jun 07, 2015","25.20","25.20","25.20","25.20","-","-3.96"
"May 31, 2015","26.24","26.24","26.24","26.24","-","1.00"
"May 24, 2015","25.98","25.98","25.98","25.98","-","-3.35"
"May 17, 2015","26.88","26.88","26.88","26.88","-","5.99"
"May 10, 2015","25.36","25.31","25.55","25.26","4.20","-0.08"
"May 03, 2015","25.38","25.35","25.65","25.27","5.31","-0.08"
"Apr 26, 2015","25.40","26.01","26.01","25.20","6.16","-2.50"
"Apr 19, 2015","26.05","26.96","26.99","25.96","6.39","-3.02"
"Apr 12, 2015","26.86","27.11","27.25","26.21","9.52","-0.89"
"Apr 05, 2015","27.10","28.32","28.58","27.06","10.52","-4.00"
"Mar 29, 2015","28.23","28.40","29.06","28.16","6.99","-0.60"
"Mar 22, 2015","28.40","29.07","29.10","28.00","8.29","-2.10"
"Mar 15, 2015","29.01","29.65","29.67","28.51","7.29","-2.22"
"Mar 08, 2015","29.67","29.21","29.75","29.15","3.46","1.44"
"Mar 01, 2015","29.25","29.57","29.85","29.01","11.18","-1.15"
"Feb 22, 2015","29.59","29.50","29.94","29.25","12.90","0.31"
"Feb 15, 2015","29.50","28.55","29.65","28.55","7.54","3.26"
"Feb 08, 2015","28.57","29.40","29.40","28.53","13.17","-2.82"
"Feb 01, 2015","29.40","28.50","29.69","28.02","16.43","3.67"
"Jan 25, 2015","28.36","28.20","28.70","27.40","13.11","0.39"
"Jan 18, 2015","28.25","29.80","30.39","28.22","15.28","-5.23"
"Jan 11, 2015","29.81","27.90","30.29","27.31","5.47","7.08"
"Jan 04, 2015","27.84","29.24","29.24","27.67","5.83","-5.08"
"Dec 28, 2014","29.33","29.44","29.61","29.22","1.47","-0.74"
"Dec 21, 2014","29.55","29.95","30.29","29.51","2.80","-1.34"
"Dec 14, 2014","29.95","30.38","31.88","29.00","13.69","-1.42"
"Dec 07, 2014","30.38","28.30","30.45","27.81","10.62","7.12"
"Nov 30, 2014","28.36","29.19","29.20","27.55","14.08","-2.91"
"Nov 23, 2014","29.21","31.75","31.77","28.60","12.56","-8.29"
"Nov 16, 2014","31.85","27.97","32.86","27.77","7.27","13.83"
"Nov 09, 2014","27.98","27.84","28.25","27.50","4.62","0.58"
"Nov 02, 2014","27.82","27.50","28.14","26.35","9.08","0.72"
"Oct 26, 2014","27.62","26.56","29.94","26.46","15.23","3.37"
"Oct 19, 2014","26.72","25.75","27.40","25.59","15.01","3.37"
"Oct 12, 2014","25.85","24.01","26.40","23.73","27.29","8.20"
"Oct 05, 2014","23.89","22.97","24.25","22.72","21.63","4.01"
"Sep 28, 2014","22.97","23.20","23.75","22.90","17.17","-0.99"
"Sep 21, 2014","23.20","23.01","23.44","22.80","14.12","0.83"
"Sep 14, 2014","23.01","21.91","23.80","21.91","11.06","4.50"
"Sep 07, 2014","22.02","21.72","22.09","21.51","4.52","1.29"
"Aug 31, 2014","21.74","23.00","23.00","21.65","15.09","-5.52"
"Aug 24, 2014","23.01","23.70","23.80","22.91","12.09","-2.71"
"Aug 17, 2014","23.65","23.39","23.79","23.10","9.82","2.87"
"Aug 10, 2014","22.99","23.39","23.45","23.39","0.01","-5.35"
"Aug 03, 2014","24.29","24.50","24.50","24.00","0.01","1.21"
"Jul 27, 2014","24.00","23.43","23.43","23.20","0.04","2.61"
"Jul 20, 2014","23.39","23.39","23.39","23.39","-","0.13"
"Jul 13, 2014","23.36","24.16","24.28","24.00","0.18","-3.27"
"Jul 06, 2014","24.15","24.40","24.44","24.13","0.06","-0.21"
"Jun 29, 2014","24.20","24.71","24.71","24.10","0.11","-2.81"
"Jun 22, 2014","24.90","25.35","25.60","24.58","0.10","-2.35"
"Jun 15, 2014","25.50","24.86","25.50","24.75","0.25","1.84"
"Jun 08, 2014","25.04","26.40","26.40","24.70","0.10","-6.04"
"Jun 01, 2014","26.65","27.00","27.18","26.50","0.16","-1.66"
"May 25, 2014","27.10","27.83","27.83","26.90","0.20","-1.63"
"May 18, 2014","27.55","28.05","28.05","27.11","0.32","-3.23"
"May 11, 2014","28.47","29.25","29.36","28.36","3.58","-3.00"
"May 04, 2014","29.35","29.88","30.15","29.32","3.45","-1.71"
"Apr 27, 2014","29.86","30.15","30.80","29.68","3.91","-0.99"
"Apr 20, 2014","30.16","31.20","31.40","30.11","4.38","-3.49"
"Apr 13, 2014","31.25","31.48","31.63","31.16","2.99","-0.89"
"Apr 06, 2014","31.53","31.78","31.91","31.12","6.05","-0.76"
"Mar 30, 2014","31.77","30.07","31.80","29.55","10.02","5.65"
"Mar 23, 2014","30.07","30.60","31.25","29.74","9.54","-1.18"
"Mar 16, 2014","30.43","33.20","33.45","30.00","10.58","-8.07"
"Mar 09, 2014","33.10","33.94","34.00","33.00","3.16","-2.13"
"Mar 02, 2014","33.82","32.95","34.16","32.94","2.17","2.73"
"Feb 23, 2014","32.92","33.79","34.75","32.56","5.22","-2.60"
"Feb 16, 2014","33.80","30.78","34.39","30.66","10.56","9.99"
"Feb 09, 2014","30.73","29.05","30.78","28.89","12.16","5.82"
"Feb 02, 2014","29.04","27.53","29.93","27.45","10.10","5.37"
"Jan 26, 2014","27.56","26.20","27.60","25.83","12.18","5.03"
"Jan 19, 2014","26.24","26.93","26.93","25.95","9.07","-2.71"
"Jan 12, 2014","26.97","26.99","27.38","26.88","4.44","-0.11"
"Jan 05, 2014","27.00","27.72","28.37","26.72","3.85","-2.56"
"Dec 29, 2013","27.71","27.03","27.75","26.81","1.81","2.29"
"Dec 22, 2013","27.09","27.00","27.33","26.75","1.36","0.04"
"Dec 15, 2013","27.08","25.93","27.22","25.77","6.48","4.68"
"Dec 08, 2013","25.87","26.62","26.86","25.71","8.59","-2.78"
"Dec 01, 2013","26.61","26.64","26.87","26.30","7.29","-0.22"
"Nov 24, 2013","26.67","26.56","26.80","26.04","8.30","0.45"
"Nov 17, 2013","26.55","25.76","26.64","25.43","8.49","3.07"
"Nov 10, 2013","25.76","25.00","25.85","25.00","3.31","2.88"
"Nov 03, 2013","25.04","24.45","25.10","24.45","3.89","2.41"
"Oct 27, 2013","24.45","25.00","25.13","24.18","6.49","-2.36"
"Oct 20, 2013","25.04","24.60","25.65","24.07","14.50","1.79"
"Oct 13, 2013","24.60","22.88","25.00","22.83","14.29","7.38"
"Oct 06, 2013","22.91","23.29","23.38","22.84","7.11","-1.38"
"Sep 29, 2013","23.23","23.56","23.72","22.93","9.90","-1.57"
"Sep 22, 2013","23.60","23.54","23.93","23.11","8.81","0.08"
"Sep 15, 2013","23.58","25.20","25.25","23.50","9.44","-6.06"
"Sep 08, 2013","25.10","25.40","25.60","24.95","4.64","-1.18"
"Sep 01, 2013","25.40","24.90","26.05","24.85","4.92","2.01"
"Aug 25, 2013","24.90","24.60","25.92","24.55","7.34","1.63"
"Aug 18, 2013","24.50","23.45","25.10","23.45","12.03","4.66"
"Aug 11, 2013","23.41","22.39","23.48","22.05","9.88","4.70"
"Aug 04, 2013","22.36","22.65","22.80","22.20","8.73","-1.28"
"Jul 28, 2013","22.65","23.55","23.60","22.63","10.28","-3.66"
"Jul 21, 2013","23.51","24.15","24.27","23.46","7.77","-2.61"
"Jul 14, 2013","24.14","25.15","25.15","23.77","7.23","-4.02"
"Jul 07, 2013","25.15","25.20","25.51","25.00","0.17","0.20"
"Jun 30, 2013","25.10","25.49","25.49","24.65","0.37","-1.22"
"Jun 23, 2013","25.41","25.78","25.95","25.00","0.16","-1.89"
"Jun 16, 2013","25.90","24.60","26.10","24.60","0.34","3.85"
"Jun 09, 2013","24.94","25.98","25.99","24.61","0.39","-5.03"
"Jun 02, 2013","26.26","27.20","27.20","25.90","0.35","-3.10"
"May 26, 2013","27.10","25.70","27.10","25.70","0.30","5.24"
"May 19, 2013","25.75","25.40","25.80","25.34","0.34","1.58"
"May 12, 2013","25.35","25.63","25.91","25.15","0.96","-1.36"
"May 05, 2013","25.70","25.42","25.79","25.05","2.09","0.78"
"Apr 28, 2013","25.50","24.27","25.75","24.21","7.15","5.20"
"Apr 21, 2013","24.24","24.67","24.90","24.10","6.02","-1.70"
"Apr 14, 2013","24.66","24.85","25.18","24.43","8.22","-0.60"
"Apr 07, 2013","24.81","25.00","25.64","24.65","8.20","-0.88"
"Mar 31, 2013","25.03","26.15","26.15","24.80","11.56","-4.06"
"Mar 24, 2013","26.09","26.65","27.00","26.01","8.98","-2.14"
"Mar 17, 2013","26.66","27.18","27.30","26.50","8.43","-13.55"
"Mar 10, 2013","30.84","31.20","31.20","30.75","2.54","-1.09"
"Mar 03, 2013","31.18","31.36","31.80","31.15","3.67","-0.80"
"Feb 24, 2013","31.43","31.14","32.16","31.02","7.85","1.09"
"Feb 17, 2013","31.09","30.89","31.20","30.22","11.53","0.48"
"Feb 10, 2013","30.94","31.16","31.35","30.87","5.72","-0.87"
"Feb 03, 2013","31.21","31.05","31.50","30.62","10.05","0.32"
"Jan 27, 2013","31.11","30.82","31.17","30.06","8.60","0.84"
"Jan 20, 2013","30.85","31.61","32.00","30.66","4.40","-2.19"
"Jan 13, 2013","31.54","32.89","32.90","31.12","4.46","-3.84"
"Jan 06, 2013","32.80","33.24","33.55","32.65","2.71","-1.71"
"Dec 30, 2012","33.37","33.20","33.90","33.20","0.99","0.00"
"Dec 23, 2012","33.37","33.75","34.20","33.10","1.40","-1.10"
"Dec 16, 2012","33.74","34.38","34.75","33.20","5.38","-1.78"
"Dec 09, 2012","34.35","33.81","34.45","33.35","5.45","1.39"
"Dec 02, 2012","33.88","36.40","36.80","33.72","7.85","-6.80"
"Nov 25, 2012","36.35","35.76","36.99","35.00","6.63","1.65"
"Nov 18, 2012","35.76","34.07","36.15","34.05","4.95","5.27"
"Nov 11, 2012","33.97","33.60","34.05","33.30","1.43","0.98"
"Nov 04, 2012","33.64","33.72","33.85","33.35","2.23","-0.44"
"Oct 28, 2012","33.79","33.10","33.87","33.00","3.01","2.18"
"Oct 21, 2012","33.07","31.85","33.24","31.83","8.46","4.16"
"Oct 14, 2012","31.75","31.51","31.82","30.50","6.94","0.73"
"Oct 07, 2012","31.52","30.70","31.90","30.20","7.06","2.40"
"Sep 30, 2012","30.78","31.00","31.35","29.70","10.90","1.62"
"Sep 23, 2012","30.29","29.89","30.29","28.52","9.97","1.37"
"Sep 16, 2012","29.88","32.51","32.55","29.65","8.46","-8.06"
"Sep 09, 2012","32.50","32.75","33.14","32.31","2.75","-0.85"
"Sep 02, 2012","32.78","32.91","33.37","32.51","2.00","-0.46"
"Aug 26, 2012","32.93","33.85","34.00","32.75","9.00","-2.66"
"Aug 19, 2012","33.83","32.11","34.47","32.11","14.39","5.06"
"Aug 12, 2012","32.20","33.79","33.80","31.45","13.92","-4.96"
"Aug 05, 2012","33.88","35.10","35.30","33.00","12.29","-3.42"
"Jul 29, 2012","35.08","34.11","35.94","34.00","13.23","3.42"
"Jul 22, 2012","33.92","35.55","35.79","31.93","22.20","-4.40"
"Jul 15, 2012","35.48","28.40","35.50","28.40","16.50","24.49"
"Jul 08, 2012","28.50","25.95","28.50","25.95","0.68","9.83"
"Jul 01, 2012","25.95","24.67","26.05","24.67","0.38","5.92"
"Jun 24, 2012","24.50","23.91","24.50","23.91","0.25","3.38"
"Jun 17, 2012","23.70","23.45","23.80","23.50","0.16","1.24"
"Jun 10, 2012","23.41","24.00","24.00","23.30","0.09","-2.86"
"Jun 03, 2012","24.10","23.90","24.50","23.61","0.02","1.26"
"May 27, 2012","23.80","24.10","24.10","23.50","0.05","-2.06"
"May 20, 2012","24.30","25.69","25.80","24.40","0.14","-5.59"
"May 13, 2012","25.74","24.85","25.74","24.76","0.37","4.21"
"May 06, 2012","24.70","24.73","25.14","24.53","0.29","-0.56"
"Apr 29, 2012","24.84","24.60","24.95","24.43","0.27","1.68"
"Apr 22, 2012","24.43","24.71","25.20","24.25","0.25","-1.25"
"Apr 15, 2012","24.74","25.50","25.61","24.53","0.59","-3.02"
"Apr 08, 2012","25.51","26.41","26.58","25.40","0.72","-2.97"
"Apr 01, 2012","26.29","26.40","26.74","26.16","0.39","-0.53"
"Mar 25, 2012","26.43","26.60","26.99","25.92","1.02","-0.75"
"Mar 18, 2012","26.63","27.43","27.45","26.25","1.09","-2.99"
"Mar 11, 2012","27.45","29.20","29.45","27.26","1.46","-5.64"
"Mar 04, 2012","29.09","28.50","29.30","28.25","0.39","2.61"
"Feb 26, 2012","28.35","28.29","28.75","28.09","0.92","0.75"
"Feb 19, 2012","28.14","27.39","28.14","27.25","0.81","3.76"
"Feb 12, 2012","27.12","27.10","27.45","26.90","0.60","1.19"
"Feb 05, 2012","26.80","26.60","27.13","26.55","0.50","-0.59"
"Jan 29, 2012","26.96","27.30","27.70","26.50","2.15","-2.11"
"Jan 22, 2012","27.54","28.60","28.75","27.45","0.92","-2.79"
"Jan 15, 2012","28.33","31.49","31.50","27.61","0.79","-10.01"
"Jan 08, 2012","31.48","31.30","31.45","30.85","0.05","0.51"
"Jan 01, 2012","31.32","30.30","31.50","30.20","0.57","3.54"
"Dec 25, 2011","30.25","29.80","30.50","29.75","0.83","3.45"
"Dec 18, 2011","29.24","28.71","29.93","28.71","1.19","1.92"
"Dec 11, 2011","28.69","26.90","28.69","26.55","0.87","6.38"
"Dec 04, 2011","26.97","27.60","28.15","26.92","0.77","-2.78"
"Nov 27, 2011","27.74","27.30","28.19","27.11","0.74","1.99"
"Nov 20, 2011","27.20","28.90","28.90","26.70","0.94","-6.04"
"Nov 13, 2011","28.95","30.85","30.85","28.70","0.72","-6.16"
"Nov 06, 2011","30.85","31.30","31.40","30.71","0.31","-1.09"
"Oct 30, 2011","31.19","31.31","31.50","31.05","0.11","-0.38"
"Oct 23, 2011","31.31","30.35","31.64","30.35","0.31","3.85"
"Oct 16, 2011","30.15","30.40","30.40","29.68","0.30","-0.59"
"Oct 09, 2011","30.33","30.25","30.62","30.00","0.27","1.03"
"Oct 02, 2011","30.02","29.89","30.80","29.40","0.50","-0.89"
"Sep 25, 2011","30.29","32.15","32.43","29.91","0.63","-6.22"
"Sep 18, 2011","32.30","32.30","32.55","31.92","1.51","0.50"
"Sep 11, 2011","32.14","31.85","32.27","31.65","0.41","0.91"
"Sep 04, 2011","31.85","31.70","31.95","31.30","0.19","1.11"
"Aug 28, 2011","31.50","30.85","31.60","30.82","0.28","2.97"
"Aug 21, 2011","30.59","29.65","30.65","29.61","0.41","3.45"
"Aug 14, 2011","29.57","29.40","29.69","29.25","0.10","-0.27"
"Aug 07, 2011","29.65","29.65","29.65","29.65","-","2.38"
"Jul 31, 2011","28.96","28.96","28.96","28.96","-","1.01"
"Jul 24, 2011","28.67","28.67","28.67","28.67","-","-0.55"
"Jul 17, 2011","28.83","28.83","28.83","28.83","-","-3.96"
"Jul 10, 2011","30.02","30.02","30.02","30.02","-","6.12"
"Jul 03, 2011","28.29","28.29","28.29","28.29","-","0.86"
"Jun 26, 2011","28.05","28.05","28.05","28.05","-","1.04"
"Jun 19, 2011","27.76","27.76","27.76","27.76","-","-3.34"
"Jun 12, 2011","28.72","28.72","28.72","28.72","-","-7.68"
"Jun 05, 2011","31.11","31.11","31.11","31.11","-","0.29"
"May 29, 2011","31.02","31.02","31.02","31.02","-","1.27"
"May 22, 2011","30.63","30.63","30.63","30.63","-","3.03"
"May 15, 2011","29.73","28.10","28.18","28.10","0.04","5.80"
"May 08, 2011","28.10","28.20","28.35","28.06","0.68","-0.43"
"May 01, 2011","28.22","29.10","29.10","28.15","0.37","-1.81"
"Apr 24, 2011","28.74","28.59","29.15","28.38","0.47","0.88"
"Apr 17, 2011","28.49","29.10","29.19","28.47","0.30","-2.43"
"Apr 10, 2011","29.20","29.35","29.90","29.15","0.65","-0.51"
"Apr 03, 2011","29.35","28.80","29.70","28.80","0.52","1.91"
"Mar 27, 2011","28.80","28.98","29.15","28.21","0.86","-0.66"
"Mar 20, 2011","28.99","29.15","29.29","28.20","0.61","0.31"
"Mar 13, 2011","28.90","31.40","31.50","28.55","1.38","-8.08"
"Mar 06, 2011","31.44","31.30","31.53","31.20","0.44","0.45"
"Feb 27, 2011","31.30","29.49","31.35","29.40","1.09","6.10"
"Feb 20, 2011","29.50","28.70","29.58","28.60","0.47","1.76"
"Feb 13, 2011","28.99","29.00","29.48","28.70","0.42","-0.21"
"Feb 06, 2011","29.05","28.35","29.24","28.25","0.56","3.31"
"Jan 30, 2011","28.12","28.15","28.80","27.70","0.54","1.15"
"Jan 23, 2011","27.80","29.80","29.80","27.75","0.66","-5.44"
"Jan 16, 2011","29.40","30.05","30.20","28.00","0.77","-1.47"
"Jan 09, 2011","29.84","28.90","30.10","28.90","0.47","3.65"
"Jan 02, 2011","28.79","28.21","28.88","28.21","0.34","1.73"
"Dec 26, 2010","28.30","27.90","28.40","27.90","0.06","1.29"
"Dec 19, 2010","27.94","27.70","28.13","27.61","0.60","1.42"
"Dec 12, 2010","27.55","27.41","27.85","27.41","0.22","0.92"
"Dec 05, 2010","27.30","27.25","27.60","27.05","0.21","-0.47"
"Nov 28, 2010","27.43","27.15","27.69","26.80","0.22","1.22"
"Nov 21, 2010","27.10","27.74","27.75","26.75","0.27","-2.31"
"Nov 14, 2010","27.74","28.50","28.60","26.96","0.21","-2.05"
"Nov 07, 2010","28.32","27.69","28.50","27.30","0.27","2.24"
"Oct 31, 2010","27.70","26.65","27.80","26.50","0.26","4.77"
"Oct 24, 2010","26.44","26.15","26.45","25.80","0.35","2.24"